{
  "name": "Vermin Alert",
  "form": "b1eed878-9875-4863-9a48-6926f6126b28",
  "blocks": [
    {
      "id": "078b15ca-786e-41cc-8c52-644857d5d544",
      "label": "Acknowledge",
      "environment": "HOSTED",
      "presentation": "{}",
      "step": "f658bb80-f6a6-475a-8842-1d781c17c91f",
      "stepType": "INTEGRATION"
    },
    {
      "id": "6d38875d-4697-4e93-a01f-23f489802b8d",
      "endpoint": "CatFacts",
      "label": "CatFacts - Get Fact",
      "environment": "HOSTED",
      "presentation": "{\"w\":60,\"x\":440,\"h\":60,\"y\":40}",
      "step": "9b36fda7-6115-4e5b-b16e-d8e6f3622f29",
      "stepType": "SCRIPT_STEP"
    },
    {
      "id": "a84e7257-ccc7-47b0-939b-c39e9180a5d2",
      "label": "Create Event - Vermin Alert",
      "environment": "HOSTED",
      "presentation": "{\"w\":60,\"x\":660,\"h\":60,\"y\":40}",
      "step": "b1eed878-9875-4863-9a48-6926f6126b28",
      "stepType": "CREATE_EVENT",
      "inputMappings": [
        {
          "inputPort": "input",
          "mapping": "${6d38875d-4697-4e93-a01f-23f489802b8d.Fact}",
          "sectionItemKey": "3ae4d4a8-4bfe-48c1-81cd-55214774227a"
        },
        {
          "inputPort": "input",
          "mapping": "${1470fe79-cd6d-423a-a494-e1ab633d64d2.foundCritters}",
          "sectionItemKey": "dfcc43b5-ab0a-4c5a-84d4-a7896a3ccb34"
        },
        {
          "inputPort": "input",
          "mapping": "On Site Security",
          "sectionItemKey": "recipients"
        },
        {
          "inputPort": "input",
          "mapping": "${1470fe79-cd6d-423a-a494-e1ab633d64d2.foundLocations}",
          "sectionItemKey": "f1f64747-31f7-43fd-8943-c767e0984f3c"
        },
        {
          "inputPort": "input",
          "mapping": "${36bd781c-2a5e-4004-b30f-28795e04ca74.text}",
          "sectionItemKey": "e02f8ca3-aafb-4427-b8f7-be71a6d5b8f1"
        }
      ]
    },
    {
      "id": "9a64aa81-3c96-4d2b-8a12-905ebcc67eb5",
      "label": "Escalate",
      "environment": "HOSTED",
      "presentation": "{}",
      "step": "1da5f24e-5c48-463a-b7f4-bfae220c676a",
      "stepType": "INTEGRATION"
    },
    {
      "id": "1470fe79-cd6d-423a-a494-e1ab633d64d2",
      "label": "Parse Text",
      "environment": "HOSTED",
      "presentation": "{\"w\":60,\"x\":220,\"h\":60,\"y\":40}",
      "step": "eafd6f4e-a45a-4926-b71a-283ecdc9348f",
      "stepType": "SCRIPT_STEP",
      "inputMappings": [
        {
          "inputPort": "input",
          "mapping": "${36bd781c-2a5e-4004-b30f-28795e04ca74.text}",
          "stepInput": "f1b7b33e-20fc-487a-a8ce-ed5efcb792ff"
        },
        {
          "inputPort": "input",
          "mapping": "${constants.Recognized Critters}",
          "stepInput": "baa3d885-cd0d-45c1-9680-dceb69b74bdb"
        },
        {
          "inputPort": "input",
          "mapping": "${constants.Recognized Locations}",
          "stepInput": "1d331b03-c69f-4f28-8a5e-7e8993f7518f"
        }
      ]
    },
    {
      "id": "927325ee-2470-4800-a449-038182d70228",
      "label": "Responses",
      "environment": "HOSTED",
      "presentation": "{\"w\":100,\"x\":0,\"h\":50,\"y\":260}",
      "stepType": "RESPONSES"
    },
    {
      "id": "36bd781c-2a5e-4004-b30f-28795e04ca74",
      "label": "Vermin Alert - Inbound from Twilio",
      "environment": "HOSTED",
      "presentation": "{\"w\":60,\"x\":0,\"h\":60,\"y\":40}",
      "step": "7d9579e3-707b-453d-9703-9cbb1ba7cd07",
      "stepType": "INTEGRATION"
    }
  ],
  "edges": [
    {
      "fromBlock": "1470fe79-cd6d-423a-a494-e1ab633d64d2",
      "fromPort": "output",
      "toBlock": "6d38875d-4697-4e93-a01f-23f489802b8d",
      "toPort": "input"
    },
    {
      "fromBlock": "36bd781c-2a5e-4004-b30f-28795e04ca74",
      "fromPort": "output",
      "toBlock": "1470fe79-cd6d-423a-a494-e1ab633d64d2",
      "toPort": "input"
    },
    {
      "fromBlock": "6d38875d-4697-4e93-a01f-23f489802b8d",
      "fromPort": "output",
      "toBlock": "a84e7257-ccc7-47b0-939b-c39e9180a5d2",
      "toPort": "input"
    }
  ]
}