[
  {
    "baseType": 3,
    "name": "catfact",
    "defaultValue": "",
    "description": "",
    "helpText": "",
    "isSystem": false,
    "minLength": 0,
    "maxLength": 20000,
    "validationRegex": "",
    "isValidate": false,
    "uuid": "3ae4d4a8-4bfe-48c1-81cd-55214774227a"
  },
  {
    "baseType": 3,
    "name": "critters",
    "defaultValue": "",
    "description": "",
    "helpText": "",
    "isSystem": false,
    "minLength": 0,
    "maxLength": 20000,
    "validationRegex": "",
    "isValidate": false,
    "uuid": "dfcc43b5-ab0a-4c5a-84d4-a7896a3ccb34"
  },
  {
    "baseType": 3,
    "name": "location",
    "defaultValue": "",
    "description": "",
    "helpText": "",
    "isSystem": false,
    "minLength": 0,
    "maxLength": 20000,
    "validationRegex": "",
    "isValidate": false,
    "uuid": "f1f64747-31f7-43fd-8943-c767e0984f3c"
  },
  {
    "baseType": 3,
    "name": "text",
    "defaultValue": "",
    "description": "",
    "helpText": "",
    "isSystem": false,
    "minLength": 0,
    "maxLength": 20000,
    "validationRegex": "",
    "isValidate": false,
    "uuid": "e02f8ca3-aafb-4427-b8f7-be71a6d5b8f1"
  }
]