{
  "integrations": [
    {
      "id": "f658bb80-f6a6-475a-8842-1d781c17c91f",
      "name": "Vermin Alert - Acknowledge",
      "action": "RUN_SCRIPT",
      "type": "OUTBOUND_WEBHOOK",
      "triggeredBy": "RESPONSE",
      "responseChoice": "Acknowledge",
      "deployed": true,
      "form": "b1eed878-9875-4863-9a48-6926f6126b28",
      "environment": "HOSTED",
      "authType": "NONE",
      "createdBy": "FLOW"
    },
    {
      "id": "1da5f24e-5c48-463a-b7f4-bfae220c676a",
      "name": "Vermin Alert - Escalate",
      "action": "RUN_SCRIPT",
      "type": "OUTBOUND_WEBHOOK",
      "triggeredBy": "RESPONSE",
      "responseChoice": "Escalate",
      "deployed": true,
      "form": "b1eed878-9875-4863-9a48-6926f6126b28",
      "environment": "HOSTED",
      "authType": "NONE",
      "createdBy": "FLOW"
    },
    {
      "id": "7d9579e3-707b-453d-9703-9cbb1ba7cd07",
      "name": "Vermin Alert - Inbound from Twilio",
      "action": "RUN_SCRIPT",
      "type": "INBOUND_WEBHOOK",
      "deployed": true,
      "form": "b1eed878-9875-4863-9a48-6926f6126b28",
      "environment": "HOSTED",
      "authType": "URL",
      "createdBy": "FLOW",
      "integrationScriptStepUuid": "743b493b-0d3d-4e68-b110-a63309b7532e"
    }
  ],
  "endpoints": [
    {
      "name": "CatFacts",
      "baseUrl": "https://catfact.ninja/",
      "type": "EXTERNAL",
      "authentication": "NO_AUTH"
    }
  ],
  "constants": [
    {
      "name": "Recognized Critters",
      "value": "squirrel,opposum,possum,cat,dog,racoon,bird,skunk,rat,mouse",
      "description": "A list of critters to categorize"
    },
    {
      "name": "Recognized Locations",
      "value": "northside,driveway,backyard,garden,frontyard,front,back,side,yard,portch,deck,roof,tree,fence",
      "description": "The comma separated list of recognized locations"
    }
  ]
}