[
  {
    "id": "9b36fda7-6115-4e5b-b16e-d8e6f3622f29",
    "name": "CatFacts - Get Fact",
    "description": "",
    "icon": "https://s3-xmatters-static.s3.amazonaws.com/null/customers/99cee7bb-651f-4a52-b7fe-3a9af00d22f9/IMAGE__20200814175418480__catninja.png",
    "script": "\n// https://catfact.ninja/fact\nvar resp = http.request({ \n    \"endpoint\": \"CatNinja\",\n    \"path\": \"/fact\",\n    \"method\": \"GET\"\n}).write();\n\n//throw \"Bad Error Goes Here. \";\n\nif( resp.statusCode == 200 ) {\n    \n    output.Fact = JSON.parse( resp.body ).fact;\n}",
    "endpointAuthType": "NO_AUTH",
    "endpointLabel": "CatNinja",
    "allowedEnvironment": "HOSTED",
    "accessibleByAll": "NotShared",
    "scriptStepType": "USER",
    "inputs": [],
    "outputs": [
      {
        "id": "807565e5-a13e-4640-ac5b-3d6be518c93f",
        "name": "Fact",
        "description": "",
        "position": 0
      }
    ],
    "libraries": []
  },
  {
    "id": "743b493b-0d3d-4e68-b110-a63309b7532e",
    "name": "Inbound from Twilio",
    "description": "",
    "icon": "https://s3-xmatters-static.s3.amazonaws.com/null/customers/6ed16595-bf31-468b-80c1-8a56cc02a49b/IMAGE__20200905223922236__twilio-small.png",
    "script": "/**\n* Parse incoming data\n*\n* Typically, data is passed into an HTTP trigger as XML or JSON in the request\n* body, but you can represent the data in another format or include it as a query\n* parameter appended to the URL.\n*\n* The script's built-in request object enables you to access elements of the\n* request, including the payload contained in the request body and any URL\n* parameters. The following code snippets show how to retrieve these values.\n* Choose the option that matches how your system includes data in the request to\n* the HTTP trigger.\n*/\nvar payload = JSON.parse( request.body );\n\noutput.text = payload.text;\n",
    "allowedEnvironment": "HOSTED",
    "accessibleByAll": "NotShared",
    "triggerAuthType": "URL_AUTH",
    "scriptStepType": "CUSTOM_HTTP",
    "inputs": [],
    "outputs": [
      {
        "id": "d651df1a-578c-4433-8d4a-4d20775daa39",
        "name": "text",
        "position": 0
      }
    ],
    "libraries": []
  },
  {
    "id": "eafd6f4e-a45a-4926-b71a-283ecdc9348f",
    "name": "Parse Text",
    "description": "",
    "icon": "/static/images/script_steps/default-brackets.png",
    "script": "var text = input.text;\n\n\n// Split on comma, and an optional space. \nvar critters  = input.CRITTER_LIST.split(  /, ?/ );\nvar locations = input.LOCATION_LIST.split( /, ?/ );\n\n\nvar foundCritters  = [];\nvar foundLocations = [];\n\nfor( var c in critters ) {\n    if( text.indexOf( critters[c] ) > -1 ){\n        foundCritters.push( critters[c] );\n    }\n}\n\nfor( var l in locations ) {\n    if( text.indexOf( locations[l] ) > -1 ){\n        foundLocations.push( locations[l] );\n    }\n}\n\noutput.foundCritters  = foundCritters.join();\noutput.foundLocations = foundLocations.join();",
    "allowedEnvironment": "HOSTED",
    "accessibleByAll": "NotShared",
    "scriptStepType": "USER",
    "inputs": [
      {
        "id": "f1b7b33e-20fc-487a-a8ce-ed5efcb792ff",
        "name": "text",
        "helpText": "The text to parse for keywords",
        "defaultValue": "",
        "multiline": false,
        "required": true,
        "maxLength": 20000,
        "minLength": 0,
        "position": 0
      },
      {
        "id": "baa3d885-cd0d-45c1-9680-dceb69b74bdb",
        "name": "CRITTER_LIST",
        "helpText": "Comma separated list of critters to match in text.",
        "defaultValue": "",
        "multiline": false,
        "required": true,
        "maxLength": 20000,
        "minLength": 0,
        "position": 1
      },
      {
        "id": "1d331b03-c69f-4f28-8a5e-7e8993f7518f",
        "name": "LOCATION_LIST",
        "helpText": "Comma separated list of locations to match in text.",
        "defaultValue": "",
        "multiline": false,
        "required": true,
        "maxLength": 20000,
        "minLength": 0,
        "position": 2
      }
    ],
    "outputs": [
      {
        "id": "2bb93419-78aa-47c4-af4e-7d3e2a6ae49b",
        "name": "foundCritters",
        "position": 0
      },
      {
        "id": "6fd6c8da-fb4d-4b96-8820-118ea0faeb19",
        "name": "foundLocations",
        "position": 1
      }
    ],
    "libraries": []
  }
]